{"cameraMode":{"drawMode":0,"name":"Shaded","section":"Shading Mode"},"sceneLighting":true,"audioPlay":false,"sceneViewState":{"showFog":true,"showMaterialUpdate":false,"showSkybox":true,"showFlares":true,"showImageEffects":true,"showParticleSystems":true},"in2DMode":false,"pivot":{"x":-7.47197961807251,"y":4.5422868728637699,"z":-11.916820526123047},"rotation":{"x":0.19436386227607728,"y":0.45413872599601748,"z":-0.10222815722227097,"w":0.8634592890739441},"size":21.12086296081543,"orthographic":false}